Name,Lastname,Country
Francisco,Gomez,Argentina
Francisco,Gonzalez,Mexico
Luis,Martinez,Venezuela
Angelo,Lopez,Colombia
Leiver,Lopez,Argentina
Monserrat,Gomez,Venezuela
Francisco,Gonzalez,Ecuador
David,Gomez,Venezuela
Francisco,Garcia,Colombia
Angelo,Martinez,Venezuela
Jonathan,Sanchez,Uruguay
Jonathan,Rodriguez,Ecuador
Luis,Sanchez,Venezuela
Leiver,Martinez,Chile
David,Gomez,Uruguay
Francisco,Gonzalez,Argentina
Luis,Perez,Peru
Oscar,Garcia,Venezuela
Jonathan,Rodriguez,Uruguay
Monserrat,Garcia,Ecuador
Monserrat,Sanchez,Chile
Monserrat,Rodriguez,Venezuela
Monserrat,Gonzalez,Uruguay
Monserrat,Hernandez,Mexico
Monserrat,Gomez,Peru
Oscar,Gomez,Bolivia
Leiver,Hernandez,Ecuador
Jarlet,Perez,Venezuela
David,Gomez,Chile
Jonathan,Gonzalez,Colombia
Angelo,Garcia,Ecuador
Leiver,Garcia,Argentina
Luis,Rodriguez,Uruguay
Jarlet,Rodriguez,Ecuador
Luis,Rodriguez,Mexico
Jonathan,Gonzalez,Argentina
Francisco,Rodriguez,Bolivia
Leiver,Perez,Argentina
Luis,Garcia,Colombia
Luis,Rodriguez,Venezuela
Leiver,Gomez,Bolivia
Jarlet,Sanchez,Mexico
Jonathan,Gonzalez,Bolivia
Jonathan,Garcia,Mexico
Angelo,Gonzalez,Bolivia
David,Lopez,Colombia
Angelo,Garcia,Venezuela
Leiver,Garcia,Argentina
Oscar,Lopez,Peru
Leiver,Rodriguez,Peru
Angelo,Lopez,Colombia
Monserrat,Martinez,Ecuador
Leiver,Garcia,Chile
Luis,Hernandez,Argentina
David,Garcia,Peru
Jonathan,Gomez,Chile
Angelo,Perez,Colombia
Jonathan,Gonzalez,Colombia
Leiver,Rodriguez,Colombia
Angelo,Sanchez,Venezuela
Francisco,Perez,Peru
David,Rodriguez,Uruguay
Angelo,Hernandez,Chile
Luis,Gomez,Bolivia
Monserrat,Garcia,Ecuador
Francisco,Perez,Colombia
Jarlet,Hernandez,Argentina
Jonathan,Martinez,Ecuador
Leiver,Gonzalez,Peru
David,Garcia,Mexico
David,Garcia,Peru
Oscar,Rodriguez,Mexico
Oscar,Perez,Ecuador
Francisco,Garcia,Ecuador
Jarlet,Martinez,Colombia
Jonathan,Perez,Ecuador
Monserrat,Lopez,Chile
Angelo,Rodriguez,Argentina
Leiver,Perez,Peru
Monserrat,Perez,Argentina
Luis,Martinez,Venezuela
Angelo,Gomez,Chile
David,Martinez,Argentina
Monserrat,Lopez,Bolivia
Oscar,Martinez,Chile
David,Perez,Argentina
Jonathan,Garcia,Venezuela
Francisco,Rodriguez,Venezuela
David,Gomez,Mexico
David,Gonzalez,Mexico
Leiver,Rodriguez,Peru
David,Lopez,Mexico
David,Sanchez,Venezuela
Leiver,Sanchez,Chile
Oscar,Lopez,Chile
David,Garcia,Uruguay
Jonathan,Martinez,Argentina
Monserrat,Perez,Bolivia
David,Hernandez,Venezuela
Jarlet,Perez,Colombia